product_name,product_price
"POCO M3 (Cool Blue, 64 GB)","₹10,999"
"Realme X7 (Space Silver, 128 GB)","₹19,999"
"POCO M3 (Power Black, 128 GB)","₹11,999"
"Realme Narzo 20A (Glory Silver, 64 GB)","₹9,499"
"Realme Narzo 20A (Glory Silver, 32 GB)","₹8,499"
"POCO M3 (Power Black, 64 GB)","₹10,999"
"Realme X7 (Space Silver, 128 GB)","₹21,999"
"Realme C11 (Rich Green, 32 GB)","₹7,499"
"Realme C11 (Rich Grey, 32 GB)","₹7,499"
"Redmi 9i (Nature Green, 64 GB)","₹7,999"
"Infinix Smart HD 2021 (Quartz Green, 32 GB)","₹6,199"
"Redmi 9 Prime (Space Blue, 64 GB)","₹9,499"
"Realme Narzo 20 (Glory Silver, 128 GB)","₹11,499"
"Realme Narzo 20 (Victory Blue, 128 GB)","₹11,499"
"Realme Narzo 20 (Victory Blue, 64 GB)","₹10,499"
"Redmi 9 Prime (Mint Green, 64 GB)","₹9,499"
"Realme 7i (Fusion Blue, 64 GB)","₹11,999"
"Realme 7i (Fusion Green, 64 GB)","₹11,999"
"POCO M3 (Cool Blue, 128 GB)","₹11,999"
"POCO M3 (Yellow, 128 GB)","₹11,999"
"Infinix Smart 5 (Obsidian Black, 32 GB)","₹7,199"
"Infinix Smart 5 (Aegean Blue, 32 GB)","₹7,199"
"Infinix Smart 5 (Morandi Green, 32 GB)","₹7,199"
"POCO M2 (Brick Red, 128 GB)","₹10,999"
"Infinix Note 7 (Forest Green, 64 GB)","₹9,999"
"Samsung Galaxy F62 (Laser Grey, 128 GB)","₹23,999"
"Infinix Note 7 (Aether Black, 64 GB)","₹9,999"
"POCO C3 (Arctic Blue, 64 GB)","₹8,499"
"POCO C3 (Matte Black, 64 GB)","₹8,499"
"Samsung Galaxy F62 (Laser Blue, 128 GB)","₹25,999"
"Realme C15 (Power Blue, 64 GB)","₹10,999"
"Realme C15 (Power Silver, 64 GB)","₹10,999"
"Redmi Note 9 Pro Max (Interstellar Black, 64 GB)","₹14,999"
"Realme Narzo 20 Pro (Black Ninja, 128 GB)","₹16,999"
"Realme Narzo 20 Pro (White Knight, 128 GB)","₹16,999"
"Samsung Galaxy F62 (Laser Green, 128 GB)","₹23,999"
"Realme X7 (Nebula, 128 GB)","₹19,999"
"POCO M2 Pro (Green and Greener, 64 GB)","₹12,999"
"Realme C15 (Power Blue, 32 GB)","₹9,999"
"Samsung Galaxy F62 (Laser Blue, 128 GB)","₹23,999"
"Realme C15 (Power Silver, 32 GB)","₹9,999"
"POCO M2 Pro (Green and Greener, 64 GB)","₹13,999"
"Realme 6 (Comet White, 64 GB)","₹14,999"
"Realme 6 (Comet Blue, 64 GB)","₹14,999"
"Realme C12 (Power Blue, 64 GB)","₹9,999"
"Samsung Galaxy F62 (Laser Grey, 128 GB)","₹25,999"
"Realme C12 (Power Silver, 64 GB)","₹9,999"
"POCO M2 (Slate Blue, 64 GB)","₹9,999"
"Redmi 9i (Midnight Black, 64 GB)","₹7,999"
"POCO M3 (Yellow, 64 GB)","₹10,999"
"Infinix Hot 10 (Ocean Wave, 64 GB)","₹9,499"
"Infinix Hot 10 (Ocean Wave, 128 GB)","₹10,999"
"Infinix Hot 10 (Moonlight Jade, 64 GB)","₹9,499"
"Infinix Hot 10 (Amber Red, 64 GB)","₹9,499"
"Infinix Hot 10 (Obsidian Black, 64 GB)","₹9,499"
"Infinix Hot 10 (Amber Red, 128 GB)","₹10,999"
"Realme Narzo 20 Pro (Black Ninja, 64 GB)","₹14,999"
"Realme Narzo 20 Pro (White Knight, 64 GB)","₹14,999"
"Infinix Smart 4 Plus (Midnight Black, 32 GB)","₹7,999"
"Infinix Smart 4 Plus (Quetzal Cyan, 32 GB)","₹7,999"
"Infinix Smart 4 Plus (Ocean Wave, 32 GB)","₹7,999"
"Redmi 9 Prime (Matte Black, 64 GB)","₹9,499"
"Infinix Hot 10 (Moonlight Jade, 128 GB)","₹10,999"
"Infinix Hot 10 (Obsidian Black, 128 GB)","₹10,999"
"Infinix Smart 4 Plus (Violet, 32 GB)","₹7,999"
"Realme C12 (Power Blue, 32 GB)","₹8,999"
"Realme C12 (Power Silver, 32 GB)","₹8,999"
"Redmi 9 Prime (Sunrise Flare, 64 GB)","₹9,499"
"Realme 7 (Mist Blue, 64 GB)","₹14,999"
"Realme 7 (Mist Blue, 128 GB)","₹16,999"
"POCO C3 (Lime Green, 32 GB)","₹7,499"
"POCO C3 (Arctic Blue, 32 GB)","₹7,499"
product_name,product_price
"POCO M2 (Slate Blue, 64 GB)","₹9,999"
"Realme Narzo 20A (Glory Silver, 64 GB)","₹9,499"
"Realme C11 (Rich Green, 32 GB)","₹7,499"
"Realme Narzo 20 (Glory Silver, 128 GB)","₹11,499"
"POCO M2 Pro (Green and Greener, 64 GB)","₹12,999"
"POCO C3 (Arctic Blue, 32 GB)","₹7,499"
"POCO C3 (Matte Black, 64 GB)","₹8,499"
"POCO M3 (Cool Blue, 64 GB)","₹10,999"
"Realme X7 (Space Silver, 128 GB)","₹19,999"
"Samsung Galaxy F41 (Fusion Green, 128 GB)","₹16,499"
"POCO M3 (Power Black, 128 GB)","₹11,999"
"Apple iPhone SE (Black, 64 GB) (Includes EarPods, Power Adapter)","₹34,999"
"Realme X7 (Space Silver, 128 GB)","₹21,999"
"Redmi 9i (Nature Green, 64 GB)","₹7,999"
"Infinix Smart HD 2021 (Topaz Blue, 32 GB)","₹6,199"
"Infinix Smart HD 2021 (Quartz Green, 32 GB)","₹6,199"
"Redmi 9 Prime (Space Blue, 64 GB)","₹9,499"
"Realme 7i (Fusion Green, 64 GB)","₹11,999"
"Realme 7i (Fusion Blue, 64 GB)","₹11,999"
"POCO M3 (Cool Blue, 128 GB)","₹11,999"
"Redmi 9i (Midnight Black, 64 GB)","₹7,999"
"POCO M2 (Brick Red, 128 GB)","₹10,999"
"POCO M3 (Yellow, 64 GB)","₹10,999"
"Infinix Hot 10 (Ocean Wave, 64 GB)","₹9,499"
"Samsung M01 core (Blue, 32 GB)","₹6,068"
Itel Ace,₹779
Micromax X512,₹945
Itel Ace,₹779
"Redmi 8A Dual (Sea Blue, 32 GB)","₹7,499"
"Samsung Galaxy A31 (Prism Crush Black, 128 GB)","₹17,999"
BlackZone M6,₹749
Lava GEM,"₹1,595"
I Kall K444,"₹1,099"
Micromax X381,₹861
"Micromax IN 1b (Purple, 32 GB)","₹6,999"
"Redmi Note 8 (Space Black, 64 GB)","₹12,999"
"Redmi 9A (Sea Blue, 32 GB)","₹7,855"
Lava A5,"₹1,206"
Samsung Metro 313 Dual Sim,"₹2,290"
Itel IT2163,₹849
Itel IT2163,₹849
"Mi 10T (Cosmic Black, 128 GB)","₹34,999"
"OPPO F17 Pro (Matte Black, 128 GB)","₹21,490"
"OPPO F17 Pro (Metallic White, 128 GB)","₹21,490"
"OPPO A12 (Blue, 64 GB)","₹11,490"
Kechaoda K10,₹851
Kechaoda K10,₹854
Nokia 216/216 DS,"₹2,758"
"Redmi 9 (Sky Blue, 64 GB)","₹9,528"
Micromax X817,"₹1,480"
Micromax X817,"₹1,451"
Nokia 105,"₹1,158"
"Redmi Note 9 (Pebble Grey, 128 GB)","₹13,343"
"Redmi Note 9 (Scarlet Red, 64 GB)","₹12,944"
"Redmi Note 9 (Scarlet Red, 128 GB)","₹14,378"
"Vivo Y91i (Fusion Black, 32 GB)","₹8,490"
"Samsung Galaxy M31 (Space Black, 64 GB)","₹15,928"
Kechaoda K112,"₹1,315"
Kechaoda K112,"₹1,309"
Nokia 150 DS 2020,"₹2,299"
"Lava Z66 (Berry Red, 32 GB)","₹6,877"
"Redmi 9i (Midnight Black, 128 GB)","₹9,299"
ANGAGE A106,₹639
ANGAGE A106,₹639
"Vivo S1 Pro (Dreamy White, 128 GB)","₹18,990"
Gfive A2,₹659
Lava A1,₹931
Lava A1,₹931
Lava A1,₹931
Lava A1,₹931
Micromax X746,"₹1,328"
"Vivo Y11 (Agate Red, 32 GB)","₹9,490"
Snexian Rock,"₹1,299"
"Redmi Note 9 Pro (Aurora Blue, 128 GB)","₹14,440"
Micromax X817,"₹1,466"
"Realme 6i (Lunar White, 64 GB)","₹13,999"
Karbonn Jumbo K9,"₹1,245"
"Samsung Galaxy M51 (Electric Blue, 128 GB)","₹25,181"
"Redmi 9 Power (Fiery Red, 128 GB)","₹12,429"
"Vivo Y31 (Racing Black, 128 GB)","₹16,490"
"Tecno POVA (Speed Purple, 64 GB)","₹10,499"
"Tecno POVA (Magic Blue, 128 GB)","₹12,499"
"POCO X3 (Shadow Gray, 128 GB)","₹19,999"
"Redmi Note 9 (Pebble Grey, 128 GB)","₹14,525"
"Apple iPhone SE (Black, 64 GB) (Includes EarPods, Power Adapter)","₹34,999"
"Panasonic Eluga I7 (Black, 16 GB)","₹5,005"
"Apple iPhone XR (White, 64 GB) (Includes EarPods, Power Adapter)","₹43,999"
Samsung Guru Music 2,"₹1,868"
"Tecno Spark 6 Go (Aqua Blue, 64 GB)","₹8,699"
"POCO C3 (Arctic Blue, 64 GB)","₹8,499"
"Mi 10i (Midnight Black, 128 GB)","₹23,378"
"Infinix Note 7 (Aether Black, 64 GB)","₹9,999"
Nokia 110 DS 2020,"₹1,569"
"Infinix Note 7 (Forest Green, 64 GB)","₹9,999"
"Redmi Note 9 Pro (Champagne Gold, 128 GB)","₹14,699"
"Apple iPhone XR (Black, 128 GB) (Includes EarPods, Power Adapter)","₹48,999"
"Redmi Note 9 Pro (Interstellar Black, 128 GB)","₹16,896"
"Realme C15 (Power Blue, 64 GB)","₹10,999"
"Redmi Note 9 Pro (Glacier White, 128 GB)","₹14,357"
"POCO M2 Pro (Two Shades of Black, 64 GB)","₹13,999"
"Realme C15 (Power Silver, 64 GB)","₹10,999"
"Tecno Camon 15 (Dark Jade, 64 GB)","₹10,499"
"POCO M2 Pro (Two Shades of Black, 64 GB)","₹12,999"
"POCO X3 (Cobalt Blue, 64 GB)","₹16,999"
"Redmi Note 9 Pro Max (Interstellar Black, 64 GB)","₹14,999"
"Vivo V20 2021 (Sunset Melody, 128 GB)","₹24,990"
"Tecno Spark Power 2 Air (Cosmic Shine, 32 GB)","₹8,499"
Snexian Rock,"₹1,299"
"Realme X7 (Nebula, 128 GB)","₹19,999"
"POCO M2 Pro (Out of the Blue, 64 GB)","₹13,999"
"Redmi 9 (Carbon Black, 64 GB)","₹9,267"
"POCO M2 Pro (Green and Greener, 128 GB)","₹15,999"
"Realme Narzo 20 Pro (White Knight, 128 GB)","₹16,999"
"Realme 7 Pro (Mirror Blue, 128 GB)","₹19,999"
"Vivo S1 Pro (Mystic Black, 128 GB)","₹18,990"
"Realme X7 Pro (Mystic Black, 128 GB)","₹29,999"
"Realme Narzo 20 Pro (Black Ninja, 128 GB)","₹16,999"
"Realme 7 Pro (Mirror Blue, 128 GB)","₹21,999"
"Motorola G9 (Sapphire Blue, 64 GB)","₹10,999"
Micromax X741,"₹1,195"
Snexian GURU 310,₹610
"Realme C3 (Frozen Blue, 32 GB)","₹8,999"
BlackZone M2,₹649
Micromax X741,"₹1,229"
Nokia 105 Ta-1304 SS (Black),"₹1,153"
"Realme C3 (Volcano Grey, 32 GB)","₹8,999"
"Vivo Y51A (Crystal Symphony, 128 GB)","₹17,990"
"Infinix Hot 10 (Moonlight Jade, 64 GB)","₹9,499"
Samsung Guru Music 2,"₹1,882"
Nokia 105 SS 2020,"₹1,158"
Nokia TA-1010/105,"₹1,166"
"Vivo Y31 (Ocean Blue, 128 GB)","₹16,449"
"Infinix Hot 10 (Amber Red, 64 GB)","₹9,499"
"Realme C15 Qualcomm Edition (Power Blue, 32 GB)","₹9,999"
Nokia 105 SS 2020,"₹1,157"
"Realme 6 (Comet White, 64 GB)","₹14,999"
"Infinix Zero 8i (Black Diamond, 128 GB)","₹14,999"
"Infinix Hot 10 (Obsidian Black, 64 GB)","₹9,499"
"Gionee Max (Black, 32 GB)","₹5,999"
"Realme C15 (Power Blue, 32 GB)","₹9,999"
"Vivo Y20 (Dawn White, 64 GB)","₹12,990"
"Infinix Zero 8i (Silver Diamond, 128 GB)","₹14,999"
"Redmi 8A Dual (Sea Blue, 32 GB)","₹7,499"
Karbonn KX3,₹798
"Realme C15 (Power Silver, 32 GB)","₹9,999"
"Tecno POVA (Dazzle Black, 128 GB)","₹12,499"
"Vivo Y20 (Obsidian Black, 64 GB)","₹12,990"
"Vivo Y30 (Emerald Black, 128 GB)","₹13,990"
"Realme Narzo 20 Pro (Black Ninja, 64 GB)","₹14,999"
"Samsung Galaxy F41 (Fusion Green, 128 GB)","₹16,499"
"POCO M2 Pro (Green and Greener, 64 GB)","₹13,999"
"Tecno Camon 16 (Cloud White, 64 GB)","₹11,499"
"Apple iPhone XR (Coral, 128 GB) (Includes EarPods, Power Adapter)","₹48,999"
"Vivo Y30 (Dazzle Blue, 128 GB)","₹14,990"
"Realme Narzo 20 Pro (White Knight, 64 GB)","₹14,999"
Samsung Guru Music 2,"₹1,710"
"Realme C12 (Power Silver, 64 GB)","₹9,999"
"Itel Vision1 (Gradation Blue, 32 GB)","₹6,549"
"POCO M2 Pro (Out of the Blue, 128 GB)","₹15,999"
"Vivo Y30 (Dazzle Blue, 128 GB)","₹13,990"
"Infinix Hot 10 (Amber Red, 128 GB)","₹10,999"
"Vivo Y20i (Dawn White, 64 GB)","₹11,490"
"Realme C12 (Power Blue, 64 GB)","₹9,999"
Lava A5,"₹1,206"
Samsung Guru 1200,"₹1,332"
"Infinix Hot 9 Pro (Ocean Wave, 64 GB)","₹10,499"
"Infinix Hot 10 (Ocean Wave, 128 GB)","₹10,999"
"Vivo Y20 (Dawn White, 64 GB)","₹12,990"
"POCO C3 (Lime Green, 64 GB)","₹8,499"
Lava A5,"₹1,206"
"Vivo Y50 (Iris Blue, 128 GB)","₹16,490"
"Infinix Hot 9 Pro (Quetzal Cyan, 64 GB)","₹10,499"
"POCO M2 Pro (Two Shades of Black, 128 GB)","₹15,999"
"Vivo Y30 (Emerald Black, 128 GB)","₹14,990"
"Realme 7 (Mist White, 128 GB)","₹16,999"
Lava A5,"₹1,206"
"Samsung Galaxy M31 (Ocean Blue, 64 GB)","₹16,299"
"Tecno POVA (Magic Blue, 64 GB)","₹10,499"
"Infinix Smart 4 Plus (Midnight Black, 32 GB)","₹7,999"
"Vivo Y20 (Obsidian Black, 64 GB)","₹12,990"
Lava A1,₹931
"OPPO A12 (Black, 64 GB)","₹11,490"
"Motorola G9 Power (Electric Violet, 64 GB)","₹11,999"
"Tecno Spark 6 Go (Mystery White, 64 GB)","₹8,699"
"Infinix Smart 4 Plus (Ocean Wave, 32 GB)","₹7,999"
"Samsung Galaxy A21s (Blue, 64 GB)","₹13,999"
"POCO M2 Pro (Out of the Blue, 64 GB)","₹12,999"
"OPPO A12 (Flowing Silver, 32 GB)","₹8,990"
"Itel Vision1 (Gradation Green, 32 GB)","₹6,549"
"Redmi 9i (Nature Green, 128 GB)","₹9,299"
"Infinix Smart 4 Plus (Quetzal Cyan, 32 GB)","₹7,999"
"Samsung Galaxy F41 (Fusion Black, 64 GB)","₹15,999"
"Redmi Note 9 Pro Max (Champagne Gold, 64 GB)","₹14,999"
"OPPO A12 (Deep Blue, 64 GB)","₹11,990"
"POCO X2 (Matrix Purple, 64 GB)","₹14,999"
"Redmi 9 Prime (Space Blue, 128 GB)","₹13,895"
"Redmi 9 Prime (Matte Black, 64 GB)","₹9,499"
Easyfone Marvel,"₹2,699"
Nokia TA-1174 / TA-1299,"₹1,383"
"OPPO A12 (Black, 32 GB)","₹8,990"
"Vivo Y30 (Dazzle Blue, 128 GB)","₹13,990"
"Redmi Note 8 (Neptune Blue, 64 GB)","₹12,999"
"Redmi 9 Prime (Sunrise Flare, 64 GB)","₹9,499"
Itel MAGIC 2 MAX,"₹1,520"
"Redmi Note 9 Pro Max (Aurora Blue, 64 GB)","₹16,498"
"Motorola G9 Power (Metallic Sage, 64 GB)","₹11,999"
Nokia 150 DS 2020,"₹2,299"
"Motorola E7 Plus (Misty Blue, 64 GB)","₹9,999"
"POCO X3 (Cobalt Blue, 128 GB)","₹19,999"
Intex Eco 105vx,₹999
"Itel Vision1 (Gradation Green, 32 GB)","₹6,549"
"Redmi Note 9 (Aqua Green, 64 GB)","₹11,848"
"Vivo Y30 (Emerald Black, 128 GB)","₹13,990"
"Redmi 9 (Sporty Orange, 64 GB)","₹9,305"
"Infinix Smart 4 Plus (Violet, 32 GB)","₹7,999"
"Coolpad Mega 5M (Gold, 16 GB)","₹4,450"
"POCO M2 Pro (Two Shades of Black, 128 GB)","₹15,999"
"Redmi Note 9 (Aqua Green, 128 GB)","₹13,343"
"Infinix Hot 9 (Quetzal Cyan, 64 GB)","₹9,499"
Samsung Guru 1200,"₹1,333"
"Realme C12 (Power Blue, 32 GB)","₹8,999"
BlackZone B5310,₹729
Micromax X378,₹810
"Redmi Note 9 (Pebble Grey, 64 GB)","₹11,840"
"Samsung Galaxy F41 (Fusion Green, 64 GB)","₹15,999"
"Realme C12 (Power Silver, 32 GB)","₹8,999"
"Itel A48 (Gradation Green, 32 GB)","₹6,199"
Micromax X378,₹836
"Redmi Note 9 (Arctic White, 64 GB)","₹12,018"
"Redmi 9 Power (Electric Green, 64 GB)","₹11,240"
"Realme 7 (Mist Blue, 64 GB)","₹14,999"
Karbonn K5 Plus,₹899
"Redmi Note 9 (Scarlet Red, 128 GB)","₹15,649"
Nokia 150 DS 2020,"₹2,299"
"Realme 7 (Mist Blue, 128 GB)","₹16,999"
"Samsung Galaxy M21 (Iceberg Blue, 64 GB)","₹14,980"
BlackZone TURBO 353,₹735
"Infinix Hot 10 (Moonlight Jade, 128 GB)","₹10,999"
"Huawei Y9 Prime 2019 (Sapphire Blue, 128 GB)","₹16,899"
BlackZone TURBO 353,₹735
"Infinix Hot 10 (Obsidian Black, 128 GB)","₹10,999"
Tork X9,"₹1,198"
Kechaoda A26,₹899
"POCO X3 (Shadow Gray, 128 GB)","₹19,999"
BlackZone THUNDER,"₹1,059"
"Samsung Galaxy M01 (Black, 32 GB)","₹7,688"
"POCO C3 (Lime Green, 32 GB)","₹7,499"
"I Kall K3 (cherry Red, 16 GB)","₹4,749"
Karbonn K24+,"₹1,125"
"Vivo Y20G (Obsidian Black, 64 GB)","₹12,990"
Micromax X412,₹999
Karbonn KX1,₹820
Kechaoda A26,₹899
BlackZone S2,₹978
Itel Heart Rate Edition,"₹1,049"
Gfive U106 Combo of Two,"₹1,299"
Kechaoda K100,₹949
"Samsung Galaxy M01 (Red, 32 GB)","₹8,196"
BlackZone S2,₹978
"Samsung Galaxy A70s (Prism Crush Black, 128 GB)","₹22,999"
Grabo HULK,₹681
Karbonn k24+,"₹1,099"
"Vivo V20 2021 (Midnight Jazz, 128 GB)","₹24,990"
Snexian FIRE,"₹1,190"
"Alcatel 5V (Spectrum Black, 32 GB)","₹7,190"
Kechaoda K50,₹985
Gfive U229 Combo of Two,"₹1,199"
Karbonn K2 Boom Box,₹879
"Samsung Galaxy S21 Plus (Phantom Black, 128 GB)","₹81,999"
Lava Pulse1- with contactless Talking Thermometer,"₹1,595"
Karbonn KX1,₹799
Kechaoda K2,₹799
"Apple iPhone 7 Plus (Black, 32 GB)","₹37,900"
Lava Gem Wave,"₹1,599"
Salora Volt 2,₹748
GreenBerri F1,"₹1,399"
MU M370,₹938
Forme Duos 1900,₹999
Itel Thermo Edition,"₹1,099"
"Spinup A7 4G (Sky Blue, 16 GB)","₹4,967"
BlackZone TURBO 350,₹735
Karbonn KX5,₹949
"Apple iPhone 7 (Black, 32 GB)","₹29,499"
Good One G2 MINI,"₹1,399"
Intex Eco 107,₹999
Itel Power 100 New,"₹1,190"
"Itel A25 (Gradation Sea Blue, 16 GB)","₹4,898"
Itel Thermo Edition,"₹1,059"
UiSmart Ui-06,"₹1,390"
DETEL D1 STAR,₹749
Itel Thermo Edition,"₹1,099"
BlackZone THUNDER,"₹1,059"
Itel Magic2 Max,"₹1,575"
"I Kall K800 (Red, 16 GB)","₹4,199"
"Apple iPhone 12 Pro (Pacific Blue, 128 GB)","₹1,19,900"
"Redmi 9 Power (Electric Green, 128 GB)","₹12,450"
itel It5071,"₹1,330"
Kechaoda K28,"₹1,065"
Jmax J20,"₹1,259"
Kechaoda K103,"₹1,149"
I Kall K 30,₹699
"OPPO A5 2020 (Mirror Black, 64 GB)","₹14,990"
"Micromax IN Note 1 (White, 128 GB)","₹12,499"
Kechaoda K106,"₹1,099"
KXD M2+,₹799
Itel Magic 2,"₹1,245"
"Mi 10T (Cosmic Black, 128 GB)","₹32,999"
Gfive U707 & WP89 Combo of Two,"₹1,458"
Intex ECO 107+,₹987
BlackZone PORSCHE 911,"₹1,230"
Gfive U873 Combo of Two,"₹1,259"
Karbonn K-Phone 7,₹953
"LG W30 Pro (Midnight Purple, 64 GB)","₹11,590"
Easyfone Elite,"₹3,149"
Gfive A2 Combo of Two,"₹1,259"
Gfive i2,₹759
Itel Muzik 400 Core,"₹1,349"
"Samsung M31s (Mirage Blue, 128 GB)","₹22,199"
Kechaoda A27,₹890
Micromax X748,"₹1,290"
Forme N9,₹749
Itel Power 410,"₹1,299"
Forme Duos 1900,₹999
"Vivo Y19 (Spring White, 128 GB)","₹15,990"
"Realme 5 Pro (Sparkling Blue, 128 GB)","₹16,999"
Karbonn KX5,₹995
"Apple iPhone 12 Mini (Blue, 128 GB)","₹74,900"
Karbonn KX80,"₹1,349"
"TECNO Spark 5 Pro (Spark Orange, 64 GB)","₹10,995"
Karbonn KX23,"₹1,018"
itel it5607,"₹1,177"
"tambo TA-2 (ROSE GOLD, 8 GB)","₹3,530"
Karbonn KX 10i,₹799
"Realme 5s (Crystal Blue, 128 GB)","₹11,999"
Gfive A1 Combo of Two,"₹1,259"
Karbonn Kx23,"₹1,095"
Muphone M 230,"₹1,199"
"Redmi K20 (Glacier Blue, 128 GB)","₹24,999"
Kechaoda K106,"₹1,087"
Lava A1 super,"₹1,190"
Karbonn KX4,₹799
Gfive W1 New,"₹1,390"
Gfive U707 & U873 Combo of Two mobiles,"₹1,299"
Micromax X756,"₹1,599"
"Samsung Galaxy M11 (Black, 32 GB)","₹10,900"
GreenBerri F1,"₹1,399"
GreenBerry M3 Mini,"₹1,480"
"I KALL K280 (Charcoal Black, 32 GB)","₹5,699"
"Samsung Galaxy S10 Lite (Prism Black, 128 GB)","₹36,999"
"Gionee S11 Lite (Black, 32 GB)","₹8,300"
Itel Magic2 Max,"₹1,449"
GreenBerri F1,"₹1,398"
"Coolpad COOL 3 (CHERRY BLACK, 32 GB)","₹6,499"
"Samsung Galaxy M21 (Iceberg Blue, 128 GB)","₹15,990"
"Itel vision 1 pro (OCEAN BLUE, 32 GB)","₹6,890"
"Samsung Galaxy M11 (Metallic Blue, 32 GB)","₹10,798"
"TECNO Spark Air 6 (Cloud White, 32 GB)","₹7,998"
"Vivo S1 (Diamond Black, 128 GB)","₹16,990"
"Coolpad COOL 3 (Ocean Indigo, 32 GB)","₹6,499"
"Samsung Galaxy A51 (Prism Crush White, 128 GB)","₹22,499"
"Itel Vision1 (Gradation Blue, 32 GB)","₹6,599"
I Kall K3312,"₹1,399"
BlackZone PORSCHE 911,"₹1,230"
Gfive A1,₹659
KXD M8,₹699
Salora VOLT 2,₹748
Inovu A7i,₹685
BlackZone PORSCHE 911,"₹1,230"
Lava Gem Wave / GEM,"₹1,591"
"Nokia 5.4 (Polar Night, 64 GB)","₹13,999"
Kechaoda K1,"₹1,099"
"Apple iPhone 12 (Red, 64 GB)","₹79,900"
Itel IT5608,"₹1,148"
"OPPO A15S (Rainbow Silver, 64 GB)","₹12,490"
Kechaoda K20,₹999
"Vivo Y12s (Phantom Black, 32 GB)","₹9,990"
Forme A1,"₹1,149"
"Samsung Galaxy F62 (Laser Blue, 128 GB)","₹23,999"
Micromax X380,₹995
BlackZone S3,₹979
Kechaoda K300,₹999
"Google Pixel 4a (Just Black, 128 GB)","₹31,999"
"Lenovo A7 (Black, 32 GB)","₹6,990"
InFocus Hero 1,₹885
Snexian FIRE,"₹1,190"
Karbonn KX1,₹825
Kechaoda K300,₹999
Micromax X421,₹975
"Vivo Y50 (Pearl White, 128 GB)","₹16,490"
Gfive U873 Combo of Two,"₹1,299"
Kechaoda K50,₹985
Karbonn KX 10i,₹799
Itel U10,₹913
"Redmi Note 7 (Onyx Black, 64 GB)","₹12,985"
Good One Magic,"₹1,499"
"Realme 7 Pro (Mirror Silver, 128 GB)","₹19,999"
Samsung Guru Plus B110,"₹1,579"
Lava A1200,"₹1,289"
"Apple iPhone 12 Pro Max (Graphite, 512 GB)","₹1,59,900"
BlackZone S3,₹979
Intex Turbo 108+,"₹1,175"
Samsung Guru FM Plus,"₹1,579"
Snexian GURU 310,₹620
"Realme X2 Pro (Neptune Blue, 256 GB)","₹35,999"
"Apple iPhone 12 (White, 64 GB)","₹79,900"
Karbonn KX1,₹799
Grabo X2,₹979
"Samsung Galaxy A70s (Prism Crush Red, 128 GB)","₹25,999"
"Realme X (Space Blue, 128 GB)","₹17,999"
"Samsung Galaxy F41 (Fusion Blue, 64 GB)","₹15,999"
Gfive A1 & A2 Combo of Two Mobiles,"₹1,198"
nuvo NF18-BW,₹699
Karbonn K7 Power,"₹1,007"
Kechaoda K1,"₹1,099"
I Kall K3312 Combo,"₹1,299"
Muphone M380,₹999
Micromax X412,₹888
Samsung Guru 1200,"₹1,337"
BlackZone M16,₹749
Kechaoda K80,"₹1,799"
Karbonn K1 Indian,₹899
BlackZone M8,₹749
Itel it2161,₹840
Karbonn KX1,₹820
Micromax X707,₹999
Samsung Sm-B110E/D,"₹1,579"
Gfive U220+,₹658
Micromax X741,"₹1,289"
Gfive A1 & A2 Combo of Two Mobiles,"₹1,379"
"Samsung Galaxy M01s  (Light Blue, 32 GB)","₹9,390"
"Apple iPhone 12 Mini (Black, 128 GB)","₹74,900"
Itel Muzik110,"₹1,119"
ITEL it5026,"₹1,169"
"Samsung M02s (Red, 32 GB)","₹10,272"
Intex Eco Selfie 2,"₹1,040"
"Samsung Galaxy M02 (Red, 32 GB)","₹7,870"
Lava A1 Josh,₹897
BlackZone B-310 GOLD,₹719
Micromax X380,"₹1,149"
"Mi A2 (Red, 128 GB)","₹13,999"
Kechaoda K13,₹915
Itel it5026,"₹1,199"
"Apple iPhone 12 Pro (Silver, 128 GB)","₹1,19,900"
BlackZone S16,₹949
"Samsung Galaxy M02 (Black, 32 GB)","₹7,675"
Lava A1 Josh,₹897
Kechaoda K33,₹898
"Samsung Galaxy A21s (Blue, 128 GB)","₹17,499"
"Vivo U10 (Thunder Black, 32 GB)","₹10,990"
"Apple iPhone 11 (Yellow, 64 GB)","₹51,999"
Karbonn K140 Pop,₹870
"Realme X (Space Blue, 128 GB)","₹20,999"
Easyfone Star,"₹3,499"
"Apple iPhone 12 Mini (Blue, 64 GB)","₹69,900"
"Tecno Spark Go 2020 (Aqua Blue, 32 GB)","₹6,999"
BlackZone M5,₹749
"Itel Vision1 (Gradation Purple, 32 GB)","₹6,990"
"Apple iPhone 12 Mini (Black, 64 GB)","₹69,900"
Gfive Z15,₹789
"Itel A48 (Gradation Green, 32 GB)","₹6,139"
Karbonn KX1 Indian,₹899
Itel It 5260N,"₹1,498"
MTR Ferrari,"₹1,199"
"Realme C15 Qualcomm Edition (Power Silver, 32 GB)","₹9,999"
Kechaoda K33,₹940
Karbonn k310n,₹799
"Samsung Galaxy M40 (Midnight Blue, 128 GB)","₹15,799"
"Lenovo A7 (Black, 64 GB)","₹8,490"
Gfive U106 Combo of Two,"₹1,299"
I Kall K22 Combo of Two Mobiles,"₹1,199"
Itel IT2192,₹999
MTR Ferrari,"₹1,399"
"Gionee Max (Royal Blue, 32 GB)","₹5,999"
Kechaoda K123,"₹1,672"
Grabo ELUGA,₹659
"Samsung Galaxy M01s (Gray, 32 GB)","₹9,588"
I KALL K22,₹649
Kechaoda K106,"₹1,087"
"Samsung Galaxy M02 (Gray, 32 GB)","₹7,682"
"Motorola E7 Plus (Twilight Orange, 64 GB)","₹9,999"
"LG W10 Alpha (Black, 32 GB)","₹7,590"
"Redmi Note 6 Pro (Blue, 64 GB)","₹11,780"
MTR Ferrari,"₹1,199"
"Realme C15 Qualcomm Edition (Power Silver, 64 GB)","₹10,999"
Gfive U106 Combo of Two,"₹1,259"
Grabo ELUGA,₹659
"Tecno SPARK 6 AIR (OCEAN BLUE, 32 GB)","₹8,395"
MU M230,"₹1,180"
Kechaoda K106,"₹1,099"
"Samsung M02s (Black, 32 GB)","₹9,940"
"Samsung Galaxy Note10 Lite (Aura Black, 128 GB)","₹36,999"
MTR Ferrari,"₹1,199"
"Gionee Max (Red, 32 GB)","₹5,999"
"Apple iPhone SE (Red, 256 GB) (Includes EarPods, Power Adapter)","₹49,999"
"Apple iPhone XR (Blue, 128 GB) (Includes EarPods, Power Adapter)","₹48,999"
Karbonn KX 10i,₹799
Gfive U106 Combo of Two,"₹1,299"
Kechaoda A27,₹898
BlackZone TURBO 350,₹735
Micromax X742,"₹1,119"
"Apple iPhone 12 (Blue, 64 GB)","₹79,900"
Nokia TA-1174 / TA-1299,"₹1,383"
"Apple iPhone 12 (Black, 128 GB)","₹84,900"
Kechaoda A26,₹885
"OPPO A5 2020 (Dazzling White, 64 GB)","₹13,990"
Easyfone Marvel,"₹2,699"
Micromax X752,"₹1,299"
Blackzone B-312 Gold,₹729
"OPPO A15 (Dynamic Black, 32 GB)","₹9,999"
Gfive U106 Combo of Two,"₹1,258"
"Vivo Y12s (Glacier Blue, 32 GB)","₹9,990"
Kechaoda K20,₹999
"Samsung Galaxy A51 (Haze Crush Silver, 128 GB)","₹22,499"
"OPPO A15 (Mystery Blue, 32 GB)","₹9,990"
Itel MAGIC 2 MAX,"₹1,520"
Muphone M230,"₹1,099"
Gfive U106 Combo of Two,"₹1,299"
"Redmi 9 Power (Blazing Blue, 64 GB)","₹11,166"
Samsung Guru FM Plus,"₹1,579"
BlackZone M5,₹749
Nokia 3310 DS,"₹3,589"
KXD M6,₹725
Samsung Metro 313,"₹2,499"
"OPPO F15 (Unicorn White, 128 GB)","₹18,990"
Samsung Guru FM Plus SM-B110E/D,"₹1,562"
Karbonn KX26i,"₹1,049"
Lava A3,"₹1,073"
Karbonn K Pebble,"₹1,545"
Kechaoda A 31,₹929
Kechaoda K9,"₹1,030"
Nokia 125 / ta-1253/ 125ds,"₹1,999"
Karbonn KX1,₹798
I Kall K2180,₹649
Karbonn KX26i,"₹1,049"
Salora Kiano,"₹1,319"
Lava A3,"₹1,073"
Gfive U106,₹649
"Tecno Spark 5 Pro (Seabed Blue, 64 GB)","₹10,995"
"POCO X3 (Shadow Gray, 64 GB)","₹16,999"
GreenBerry M3 Mini,"₹1,480"
"ViVO Y20G (Obsidiant Black, 128 GB)","₹14,990"
"Tecno Spark 5 Pro (Ice Jadeite, 64 GB)","₹10,995"
"OPPO A15s (Dynamic Black, 64 GB)","₹11,999"
"Ismart i1 JUMBO (Night Blue, 16 GB)","₹4,999"
Lava Pulse Mobile Phone-With BP & Heart Rate Monitor,"₹1,595"
"Vivo Y20i (Nebula Blue, 64 GB)","₹11,490"
"Redmi Note 8 Pro (Shadow Black, 128 GB)","₹19,999"
"Samsung Galaxy M11 (Violet, 64 GB)","₹12,690"
"Moto G 5G (Volcanic Grey, 128 GB)","₹20,999"
Kechaoda A27,₹880
Karbonn KX5,₹949
"iQOO 3 (5G) (Tornado Black, 256 GB)","₹39,990"
Detel D1 Guru,₹775
"Samsung Galaxy S10 Lite (Prism Black, 512 GB)","₹45,999"
Itel Power 400,"₹1,225"
"POCO X3 (Cobalt Blue, 64 GB)","₹16,999"
"Vivo V20 (Midnight Jazz, 128 GB)","₹24,990"
"Nokia C3 (Sand, 16 GB)","₹6,999"
ANGAGE A310,₹639
Micromax X752,"₹1,304"
"Coolpad Mega 5M (Black, 16 GB)","₹4,499"
"Realme 6 (Comet White, 128 GB)","₹16,999"
Detel D1 Guru,₹770
"OPPO A15 (Rainbow Silver, 32 GB)","₹9,389"
"Vivo Z1Pro (Sonic Blue, 128 GB)","₹17,990"
"Realme 7 Pro (Mirror Silver, 128 GB)","₹21,999"
"Vivo V20 (Sunset Melody, 128 GB)","₹24,990"
Kechaoda K33,₹949
"Samsung M01 core (Black, 32 GB)","₹6,034"
"Samsung Galaxy A71 (Prism Crush Blue, 128 GB)","₹27,499"
Itel IT2173,₹988
KXD M8,₹725
"Itel A48 (Gradation Black, 32 GB)","₹6,099"
Karbonn K310n,₹799
Nokia 3310 DS,"₹3,481"
"Realme X3 SuperZoom (Arctic White, 128 GB)","₹27,999"
"Realme C11 (Rich Grey, 32 GB)","₹7,499"
Itel IT2173,₹929
MU M370,₹999
"Redmi 8A Dual (Midnight Grey, 32 GB)","₹8,470"
Micromax X807,"₹1,488"
Salora Kiano,"₹1,349"
"Apple iPhone 12 (Black, 64 GB)","₹79,900"
"Apple iPhone 12 (Blue, 128 GB)","₹84,900"
"Samsung Galaxy S21 (Phantom Gray, 128 GB)","₹69,999"
Micromax X754,"₹1,360"
"Realme X3 SuperZoom (Glacier Blue, 128 GB)","₹27,999"
"Vivo Y91i (Fusion Black, 16 GB)","₹8,199"
Kechaoda K30,"₹1,099"
ANGAGE A312,₹649
Kechaoda K60,"₹1,499"
"Redmi 9A (Midnight Black, 32 GB)","₹7,349"
Kechaoda K123,"₹1,699"
ANGAGE A313,₹639
Nokia 150 Ta-1235 DS (Red),"₹2,260"
I Kall K44 new mobile,₹649
Itel Muzik 400,"₹1,480"
"Gionee F8 Neo (Black, 32 GB)","₹5,299"
"Vivo Y91i (Ocean Blue, 16 GB)","₹8,950"
I KALL K555,"₹1,199"
Kechaoda K28,"₹1,070"
"Redmi 9A (Nature Green, 32 GB)","₹7,805"
"Redmi 9A (Nature Green, 32 GB)","₹7,424"
"Realme 5 Pro (Chroma White, 128 GB)","₹16,999"
ANGAGE A313,₹639
Karbonn Kphone X,"₹1,275"
Philips E102A,"₹1,168"
"Gionee F11 (Blue, 32 GB)","₹6,799"
Itel it5607,"₹1,117"
Micromax X756,"₹1,308"
Kechaoda K9,"₹1,089"
BlackZone S16,₹949
"Samsung Galaxy A21s (White, 64 GB)","₹13,999"
"Apple iPhone 12 (White, 128 GB)","₹84,900"
"Apple iPhone 11 Pro (Midnight Green, 64 GB)","₹82,999"
I Kall K43,₹599
Tork T3,₹849
Nokia 110 ta-1302ds,"₹1,595"
"Vivo V20 (Sunset Melody, 256 GB)","₹27,990"
Micromax X755,"₹1,368"
BlackZone EVEREST,₹669
BlackZone S16,₹949
BlackZone ECO X,"₹1,299"
Snexian Guru 313,₹675
"Redmi 8A Dual (Midnight Grey, 32 GB)","₹6,997"
"Samsung Galaxy F62 (Laser Grey, 128 GB)","₹23,999"
I Kall K3312 Combo,"₹1,259"
Kechaoda K10,₹860
ITEL ACE,₹799
I kall k6300 NEW,"₹1,199"
"Apple iPhone 11 (Red, 64 GB)","₹51,999"
BlackZone ECO X,"₹1,299"
"Vivo X50 Pro (Alpha Grey, 256 GB)","₹49,990"
Karbonn KX19,₹858
"Apple iPhone 12 (Blue, 64 GB)","₹79,900"
Samsung Guru FM Plus,"₹1,570"
"Samsung Galaxy M31 (Iceberg blue, 128 GB)","₹17,646"
Energizer Hardcase E100,"₹1,299"
"Nokia C3 (Nordic Blue, 16 GB)","₹6,249"
"Apple iPhone 11 (White, 64 GB)","₹51,999"
GreenBerri F1,"₹1,399"
Karbonn KX19,₹849
Gfive U106 Combo of Two,"₹1,258"
Kechaoda K9,"₹1,080"
Kechaoda K10,₹849
"Samsung GALAXY M51 (Celestial Black, 128 GB)","₹22,980"
Good One G3 MINI,"₹1,399"
"Apple iPhone XR (Black, 64 GB) (Includes EarPods, Power Adapter)","₹43,999"
Micromax X421,₹940
Karbonn KX19,₹858
Micromax X516,"₹1,059"
Itel IT 2163,₹825
Karbonn K19 Rock,₹859
"OPPO A5s (Black, 32 GB)","₹9,949"
Micromax X516,"₹1,189"
Micromax X749,"₹1,216"
Micromax X419,₹999
"OPPO A5s (Blue, 64 GB)","₹10,990"
"Redmi Note 9 (Aqua Green, 128 GB)","₹14,655"
GreenBerri F1,"₹1,399"
Kechaoda K6,₹859
Good One Magic,"₹1,499"
Kechaoda K-9,"₹1,120"
"OPPO F15 (Blazing Blue, 128 GB)","₹15,990"
Kechaoda K60,"₹1,549"
I Kall K43,₹599
"OPPO A31 (Fantasy White, 128 GB)","₹13,750"
"Redmi Note 9 Pro (Glacier White, 128 GB)","₹14,355"
Lava A5,"₹1,290"
Nokia 110 DS 2020,"₹1,679"
Itel IT 2163,₹894
"Apple iPhone 12 (Green, 64 GB)","₹79,900"
"OPPO A52 (Stream White, 128 GB)","₹16,990"
"Samsung Galaxy A10s (Blue, 32 GB)","₹10,299"
Micromax X809,"₹1,180"
Micromax X755,"₹1,315"
Kechaoda K20,₹999
"Realme X3 SuperZoom (Arctic White, 256 GB)","₹32,999"
"OPPO A5s (Blue, 32 GB)","₹9,978"
"Samsung M02s (Red, 64 GB)","₹11,247"
"Realme 6i (Lunar White, 64 GB)","₹12,999"
"iQOO 3 (Tornado Black, 128 GB)","₹29,990"
Gfive A2 Combo of Two,"₹1,259"
Micromax X750,"₹1,277"
"Apple iPhone SE (Red, 128 GB) (Includes EarPods, Power Adapter)","₹39,999"
"Realme 6 Pro (Lightning Orange, 64 GB)","₹17,999"
"LG W30 Pro (Midnight Blue, 64GB GB)","₹11,328"
"Vivo Y91i (Fusion Black, 32 GB)","₹7,990"
Itel it5607,"₹1,196"
"Redmi 8 (Onyx Black, 64 GB)","₹9,999"
Kechaoda K33,₹949
"OPPO A11K (Flowing Silver, 32 GB)","₹8,490"
Kechaoda K60,"₹1,549"
Micromax X1i-2017,₹998
Kechaoda K115,₹923
"iQOO 3 (Quantum Silver, 128 GB)","₹29,990"
Itel Magic2 Max,"₹1,435"
Micromax X750,"₹1,226"
"Vivo Y12 (Aqua Blue, 64 GB)","₹10,990"
"Nokia 2.4 (Dusk, 64 GB)","₹10,399"
Kechaoda K28,"₹1,070"
Karbonn KX26,"₹1,120"
Grabo G106,₹659
Kechaoda K6,₹856
"Redmi 8 (Sapphire Blue, 64 GB)","₹9,999"
"Samsung Galaxy A51 (Prism Crush Blue, 128 GB)","₹20,999"
Lava A9,"₹1,549"
"OPPO A5s (Green, 64 GB)","₹11,790"
"Mi 10i (Midnight Black, 128 GB)","₹23,290"
Kechaoda K115,₹949
"OPPO A5 2020 (Mirror Black, 64 GB)","₹12,990"
Karbonn K140 Pop,₹799
Kechaoda K33,₹949
Grabo ELUGA,₹659
"Redmi Note 9 (Shadow Black, 64 GB)","₹12,090"
Kechaoda K28,"₹1,097"
I Kall K-60,"₹1,799"
Kechaoda A 31,₹929
"Gionee F8 Neo (Blue, 32 GB)","₹5,299"
Lava Hero 600+,₹839
Kechaoda K33,₹949
Lava A9,"₹1,699"
Kechaoda K28,"₹1,089"
Kechaoda K123,"₹1,699"
"Realme X3 (Arctic White, 128 GB)","₹25,999"
"Samsung Galaxy M02 (Blue, 32 GB)","₹7,676"
"Spinup A6 4G (Ice Blue, 16 GB)","₹5,499"
Grabo ELUGA,₹659
Samsung Metro 313 Dual Sim,"₹2,340"
"Apple iPhone XR (Blue, 64 GB) (Includes EarPods, Power Adapter)","₹43,999"
"OPPO Reno5 Pro 5G (Starry Black, 128 GB)","₹35,990"
"Apple iPhone XR (White, 128 GB) (Includes EarPods, Power Adapter)","₹48,999"
"Samsung Galaxy A10s (Blue, 32 GB)","₹9,999"
"Samsung Galaxy A21s (Black, 128 GB)","₹17,499"
Gfive U707,₹649
Gfive U873,₹649
Kechaoda K115,₹898
"Samsung Galaxy A51 (Prism Crush Black, 128 GB)","₹20,999"
"Samsung Galaxy M51 (Electric Blue, 128 GB)","₹25,181"
"Tecno Camon 15 (Fascinating Purple, 64 GB)","₹10,499"
"Redmi Note 9 (Arctic White, 128 GB)","₹13,585"
"Nokia 2.4 (Charcoal Grey, 64 GB)","₹10,399"
"Redmi Note 9 Pro (Glacier White, 128 GB)","₹18,299"
Micromax X756,"₹1,308"
"Redmi 8A Dual (Sky White, 32 GB)","₹8,299"
Lava Hero,₹829
Kechaoda K115,₹938
Gfive U229,₹655
"Samsung Galaxy A51 (Prism Crush Blue, 128 GB)","₹22,499"
Itel IT2163,₹849
"Samsung Galaxy A31 (Prism Crush White, 128 GB)","₹17,999"
Lava Hero 600s,₹777
Kechaoda K115,₹930
"OPPO A1K (Black, 32 GB)","₹7,990"
Tork T13 Banana,₹849
"OPPO A1K (Red, 32 GB)","₹7,990"
"Redmi Note 9 Pro (Champagne Gold, 64 GB)","₹13,498"
"Redmi Note 9 Pro Max (Glacier White, 128 GB)","₹19,989"
Karbonn KX4,₹849
ITEL ACE,₹799
Gfive U220 Combo of Two,"₹1,139"
Karbonn KX23,"₹1,098"
"Apple iPhone SE (White, 64 GB) (Includes EarPods, Power Adapter)","₹34,999"
"iQOO 3 (Quantum Silver, 256 GB)","₹32,990"
"Redmi 9 (CarbonBlack, 128 GB)","₹10,420"
Kechaoda K33,₹949
Karbonn K19 Rock,₹899
"Panasonic ELUGA I6 (Black, 16 GB)","₹5,001"
MU M5000,"₹1,187"
Gfive U106,₹649
Snexian Rock,"₹1,170"
Karbonn KX1Indian,₹799
Lava Flip,"₹1,899"
I Kall K 60,"₹1,699"
Micromax X748,"₹1,297"
Micromax X755,"₹1,368"
"Samsung Galaxy F62 (Laser Green, 128 GB)","₹23,999"
Karbonn K9 POWER,₹990
Gfive A2,₹659
"Redmi 8A (Midnight Black, 32 GB)","₹8,190"
"Samsung Galaxy A51 (Prism Crush Black, 128 GB)","₹22,499"
"Tecno Camon 16 (Purist Blue, 64 GB)","₹11,499"
ANGAGE A313,₹639
"Apple iPhone SE (Black, 256 GB) (Includes EarPods, Power Adapter)","₹49,999"
Kechaoda K115,₹908
Gfive Guru,₹679
Tork T13 Banana,₹749
Kechaoda K28,"₹1,047"
BlackZone TURBO 353,₹735
Kechaoda K9,"₹1,087"
"LG W10 Alpha (Black, 32 GB)","₹7,590"
"Redmi Note 8 Pro (Shadow Black, 128 GB)","₹19,999"
I Kall K3310,₹649
Gfive U106,₹649
"Moto G 5G (Frosted Silver, 128 GB)","₹20,999"
Samsung Guru Music 2,"₹1,939"
"Lava Z61 Pro (Champagne Gold, 16 GB)","₹5,377"
"Redmi 8 (Ruby Red, 64 GB)","₹9,999"
"Samsung M02s (Blue, 64 GB)","₹11,101"
Kechaoda K10,₹855
"Apple iPhone XR ((PRODUCT)RED, 128 GB) (Includes EarPods, Power Adapter)","₹48,999"
Snexian Rock,"₹1,199"
"Redmi 9 (Sky Blue, 128 GB)","₹10,415"
"Redmi 9 Prime (Sunrise Flare, 128 GB)","₹13,895"
"Vivo V20 (Midnight Jazz, 128 GB)","₹24,990"
Karbonn KX3,₹825
Gfive U106,₹649
Grabo G312,₹659
"Tecno POVA (Speed Purple, 128 GB)","₹12,499"
"Lava Z61 Pro (Lavender Blue, 16 GB)","₹5,377"
Micromax X388,"₹1,060"
Itel It 2163,₹877
Micromax JOY J1,₹844
Tork T13 Banana,₹849
Itel IT2173,₹929
BlackZone M2,₹649
Itel Power 400,"₹1,249"
BlackZone M15,₹749
"Redmi Note 9 Pro Max (Interstellar Black, 128 GB)","₹19,449"
"Apple iPhone SE (White, 128 GB) (Includes EarPods, Power Adapter)","₹39,999"
"Apple iPhone 12 Pro (Gold, 128 GB)","₹1,19,900"
Lava Gem,"₹1,529"
"Redmi 9A (Midnight Black, 32 GB)","₹7,887"
"Samsung Galaxy A71 (Haze Crush Silver, 128 GB)","₹27,499"
Micromax X382,₹859
Kechaoda A27,₹899
"Samsung Galaxy A51 (Haze Crush Silver, 128 GB)","₹20,999"
Lava A1200,"₹1,151"
"Samsung M01 core (Red, 16 GB)","₹5,088"
BlackZone S3,₹979
Grabo G310 Vibration,₹659
"Apple iPhone 11 (Red, 128 GB)","₹56,999"
"Vivo V20 Pro (Sunset Melody, 128 GB)","₹29,990"
Kechaoda K33,₹960
BlackZone RANGER,₹649
Blackzone B312,₹669
Kechaoda A27,₹899
Itel Power 400,"₹1,299"
Lava A7 2020,"₹1,391"
Lava Hero 600+,₹783
"Redmi 9 Power (Mighty Black, 64 GB)","₹11,124"
BlackZone B310,₹649
"Apple iPhone SE (Black, 128 GB) (Includes EarPods, Power Adapter)","₹39,999"
BlackZone S13,₹978
"TECNO SPARK 6 AIR (COMET BLACK, 32 GB)","₹7,990"
Samsung Guru FM Plus,"₹1,579"
Kechaoda A26,₹905
"Apple iPhone XR (Coral, 128 GB) (Includes EarPods, Power Adapter)","₹48,999"
Good One 5605,₹899
Lava A7 2020,"₹1,391"
"Redmi 8A Dual (Sky White, 64 GB)","₹8,525"
Karbonn KX3,₹793
BlackZone B310,₹649
"Redmi Note 9 Pro (Interstellar Black, 128 GB)","₹14,237"
Kechaoda K 06,"₹1,099"
Karbonn KX26,"₹1,149"
Kechaoda A26,₹897
Karbonn K5 Plus,₹869
"Samsung M02s (Black, 64 GB)","₹11,203"
Lava A1200,"₹1,151"
"Redmi 8A Dual (Midnight Grey, 64 GB)","₹9,249"
"Realme X3 (Glacier Blue, 128 GB)","₹25,999"
"Vivo Y51A (Titanium Sapphire, 128 GB)","₹17,990"
"OPPO A12 (Blue, 32 GB)","₹8,990"
Kechaoda K 06,"₹1,099"
Karbonn KX26,"₹1,130"
Grabo G312,₹659
"Vivo Z1Pro (Sonic Blue, 64 GB)","₹14,990"
"Apple iPhone XR ((PRODUCT)RED, 128 GB) (Includes EarPods, Power Adapter)","₹48,999"
"Coolpad Mega 5S (Gold, 64 GB)","₹5,380"
"Redmi 8A Dual (Sea Blue, 64 GB)","₹8,797"
Itel Muzik 400,"₹1,489"
"Itel A25 Pro (Gradation Purple, 32 GB)","₹4,999"
"Vivo Y20A (Nebula Blue, 64 GB)","₹11,490"
"Vivo Z1Pro (Sonic Blue, 64 GB)","₹14,990"
"Nokia 2.4 (Fjord Blue, 64 GB)","₹10,399"
Nokia 105 DS 2020,"₹1,390"
"Redmi Note 9 Pro (Interstellar Black, 64 GB)","₹13,430"
"Itel A25 Pro (Gradation Blue, 32 GB)","₹4,999"
"Redmi Note 9 Pro (Champagne Gold, 128 GB)","₹17,949"
"Apple iPhone XR ((PRODUCT)RED, 64 GB) (Includes EarPods, Power Adapter)","₹43,999"
"Vivo V20 SE (Gravity Black, 128 GB)","₹20,990"
"Itel A25 Pro (Gradation Green, 32 GB)","₹4,999"
"Vivo Y20A (Dawn White, 64 GB)","₹11,490"
"Apple iPhone 11 (Black, 64 GB)","₹51,999"
"Samsung Galaxy S10 Lite (Prism White, 128 GB)","₹36,999"
Samsung Guru FM Plus SM-B110E/D,"₹1,569"
"Redmi 8 (Onyx Black, 64 GB)","₹9,999"
"Micromax IN 1b (Blue, 64 GB)","₹7,999"
"Tecno Spark Power 2 (Misty Grey, 64 GB)","₹9,999"
Samsung Guru FM Plus SM-B110E/D,"₹1,562"
Samsung Guru FM Plus,"₹1,579"
BlackZone M6,₹749
Lava A1,"₹1,039"
I Kall K 19 CAr,"₹1,199"
"OPPO A52 (Twilight Black, 128 GB)","₹16,750"
Kechaoda K30,"₹1,099"
"Samsung M02s (Blue, 32 GB)","₹9,870"
"Apple iPhone 11 (Purple, 64 GB)","₹51,999"
"Redmi 8A (Ocean Blue, 32 GB)","₹8,290"
Micromax X744,"₹1,179"
Nokia 125,"₹1,999"
Micromax X744,"₹1,208"
"Samsung Galaxy A10s (Black, 32 GB)","₹9,999"
GrabO G106,₹659
Kechaoda K30,₹999
Kechaoda K-55 Plus,"₹1,149"
"Redmi Note 8 (Cosmic Purple, 64 GB)","₹12,999"
Karbonn KX1Indian,₹796
Lava A9,"₹1,519"
Lava 34 Ultra,"₹1,458"
Samsung Guru Music 2 SM-B310E,"₹1,869"
"Redmi Note 9 (Arctic White, 128 GB)","₹14,905"
"Realme X3 SuperZoom (Glacier Blue, 256 GB)","₹32,999"
BlackZone TURBO 353,₹735
Samsung Guru GT,"₹1,369"
Kechaoda K-55 Plus,"₹1,149"
"OPPO A31 (Mystery Black, 128 GB)","₹13,990"
Lava A1 super,₹979
Lava A9,"₹1,519"
Nokia 5310,"₹3,349"
"Apple iPhone SE (Red, 64 GB) (Includes EarPods, Power Adapter)","₹34,999"
"Apple iPhone XR (Yellow, 64 GB) (Includes EarPods, Power Adapter)","₹43,999"
Nokia 105 DS 2020,"₹1,322"
"Samsung Galaxy M21 (Midnight Blue, 128 GB)","₹16,987"
"OPPO A5s (Blue, 32 GB)","₹8,990"
Itel It 5605n,"₹1,149"
"OPPO A31 (Mystery Black, 64 GB)","₹12,790"
Micromax X749,"₹1,197"
"LG G8X (Black, 128 GB)","₹27,990"
Nokia 5310,"₹3,380"
"OPPO A52 (Twilight Black, 128 GB)","₹14,890"
Grabo HULK,₹681
"Vivo Y12 (Burgundy Red, 64 GB)","₹10,990"
"Samsung M01 core (Blue, 16 GB)","₹5,094"
"OPPO A5s (Black, 64 GB)","₹10,990"
Kechaoda K-55 Plus,"₹1,149"
"Vivo Y91i (Ocean Blue, 32 GB)","₹7,990"
Lava A9,"₹1,519"
"OPPO A5s (Black, 32 GB)","₹8,990"
"Vivo Y51 (Titanium Sapphire, 128 GB)","₹17,989"
Karbonn KX1i,₹780
"Apple iPhone XR (Coral, 64 GB) (Includes EarPods, Power Adapter)","₹43,999"
"Apple iPhone XR (Black, 128 GB) (Includes EarPods, Power Adapter)","₹48,999"
Itel It 5605n,"₹1,149"
"OPPO A52 (Stream White, 128 GB)","₹14,990"
"OPPO A5s (Red, 32 GB)","₹8,990"
Karbonn K19 Rock,₹859
"Samsung M31 Prime (Space Black, 128 GB)","₹17,616"
Salora Atom,₹599
Snexian Rock,"₹1,249"
Gfive A1,₹659
"OPPO F17 Pro (Magic Blue, 128 GB)","₹21,490"
"Apple iPhone 11 (Green, 64 GB)","₹51,999"
"Redmi Note 9 Pro Max (Champagne Gold, 128 GB)","₹19,789"
Kechaoda K9,"₹1,089"
Karbonn KX23,"₹1,149"
"Realme X3 (Arctic White, 128 GB)","₹25,999"
Gfive U707,₹649
Kechaoda K115,₹904
"Apple iPhone 11 (Black, 128 GB)","₹56,999"
Micromax X512,₹945
Kechaoda K115,₹924
"Tecno Camon 15 (SHOAL GOLD, 64 GB)","₹10,499"
Micromax X746,"₹1,328"
Kechaoda K115,₹920
Samsung Metro 313 Dual Sim,"₹2,299"
"Apple iPhone 11 (White, 128 GB)","₹56,999"
"Nokia 2.4 (Dusk, 64 GB)","₹10,399"
Karbonn K9,"₹1,249"
"Realme X3 SuperZoom (Glacier Blue, 256 GB)","₹29,999"
"Samsung Galaxy A31 (Prism Crush Blue, 128 GB)","₹17,999"
Gfive U873,₹675
Kechaoda K-55 Plus,"₹1,140"
"Redmi 9A (SeaBlue, 32 GB)","₹7,534"
"Samsung M01 core (Black, 16 GB)","₹5,065"
"Vivo V20 SE (Aquamarine Green, 128 GB)","₹20,990"
"Itel VISION1 (GRADATION GREEN, 32 GB)","₹6,799"
Micromax X381,₹899
Snexian Rock,"₹1,199"
"OPPO A33 (Mint Cream, 32 GB)","₹10,990"
Snexian Rock,"₹1,199"
"Vivo Y51 (Crystal Symphony, 128 GB)","₹17,990"
"Realme 6 Pro (Lightning Blue, 128 GB)","₹19,999"
